Summary,Issue id,Issue Type,Status,Project key,Project name,Project type,Project lead,Priority,Resolution,Assignee,Reporter,Creator,Created,Updated,Last Viewed,Resolved,Watchers,Original Estimate,Remaining Estimate,Time Spent,Work Ratio,Σ Original Estimate,Σ Remaining Estimate,Σ Time Spent,Security Level,Custom field (Baseline End Date(WBSGantt)),Custom field (Baseline Start Date(WBSGantt)),Custom field (Business Value),Custom field (End Date(WBSGantt)),Custom field (Epic Color),Custom field (Epic Link),Custom field (Epic Name),Custom field (Epic Status),Custom field (External issue ID),Custom field (External issue ID),Custom field (External issue ID),Custom field (Manually Scheduled(WBSGantt)),Custom field (Original story points),Custom field (Parent Link),Custom field (Progress(WBSGantt)),Custom field (Rank),Custom field (Start Date(WBSGantt)),Custom field (Story Points),Custom field (Student Email),Custom field (Student Name),Custom field (Student Number),Custom field (Target end),Custom field (Target start),Custom field (Team),Custom field (Units(WBSGantt))
Set up the Layout for the PointOfInterest frame in order for full screen size,26844,Task,Done,COMPSCI2212W2023GROUP43,COMPSCI 2212 - Winter 2023 - Group 43,software,dclouti3,Medium,Done,jqi66,jqi66,jqi66,3/29/2023 23:38,3/31/2023 14:41,5/24/2023 21:27,3/31/2023 14:41,jqi66,,,,,,,,,,,,,,,,,,,,No,,,,0|i02ep0:,,,,,,,,,100
Make the POI search bar functional,26749,Task,Done,COMPSCI2212W2023GROUP43,COMPSCI 2212 - Winter 2023 - Group 43,software,dclouti3,High,Done,kfeng58,kfeng58,kfeng58,3/28/2023 1:06,4/5/2023 8:33,5/24/2023 21:27,4/5/2023 8:33,kfeng58,,,,,,,,,,,,,,,,,,,,No,,,,0|i02e4c:,,,,,,,,,100
Change map tabbed pane based on which building is selected,26729,Task,Done,COMPSCI2212W2023GROUP43,COMPSCI 2212 - Winter 2023 - Group 43,software,dclouti3,Highest,Done,kfeng58,kfeng58,kfeng58,3/27/2023 17:08,3/27/2023 20:54,3/27/2023 20:54,3/27/2023 20:54,kfeng58,,,,,,,,,,,,,,,,,,,,No,,,,0|i02dzw:,,,,,,,,,100
"Display name of POI, floor, building name, description, etc... based on what POI is selected",26728,Task,Done,COMPSCI2212W2023GROUP43,COMPSCI 2212 - Winter 2023 - Group 43,software,dclouti3,Medium,Done,kfeng58,kfeng58,kfeng58,3/27/2023 17:07,4/5/2023 8:33,5/24/2023 21:26,4/5/2023 8:33,kfeng58,,,,,,,,,,,,,,,,,,,,No,,,,0|i02dzo:,,,,,,,,,100
"Find icons for home button, log out button, layers, etc.",26713,Task,Done,COMPSCI2212W2023GROUP43,COMPSCI 2212 - Winter 2023 - Group 43,software,dclouti3,Medium,Done,,kfeng58,kfeng58,3/27/2023 16:03,4/6/2023 2:49,3/27/2023 16:03,4/6/2023 2:49,kfeng58,,,,,,,,,,,,,,,,,,,,No,,,,0|i02dwc:,,,,,,,,,100
Tweak max and min container sizes,26712,Task,Done,COMPSCI2212W2023GROUP43,COMPSCI 2212 - Winter 2023 - Group 43,software,dclouti3,Medium,Done,kfeng58,kfeng58,kfeng58,3/27/2023 15:58,3/28/2023 20:53,3/28/2023 21:02,3/28/2023 20:53,kfeng58,,,,,,,,,,,,,,,,,,,,No,,,,0|i02dw4:,,,,,,,,,100
"Link ""Home"" button to main page",26708,Task,Done,COMPSCI2212W2023GROUP43,COMPSCI 2212 - Winter 2023 - Group 43,software,dclouti3,Medium,Done,kfeng58,kfeng58,kfeng58,3/27/2023 15:31,3/28/2023 12:13,3/28/2023 12:13,3/28/2023 12:13,kfeng58,,,,,,,,,,,,,,,,,,,,No,,,,0|i02dv8:,,,,,,,,,100
Finish dev main page,26606,Task,Done,COMPSCI2212W2023GROUP43,COMPSCI 2212 - Winter 2023 - Group 43,software,dclouti3,Low,Done,dclouti3,vzagidul,vzagidul,3/24/2023 16:21,3/28/2023 13:15,3/27/2023 16:00,3/28/2023 13:15,vzagidul,,,,,,,,,,,,,,,,,,,,No,,,,0|i02da8:,,,,,,,,,100
Complete log in page,26605,Task,Done,COMPSCI2212W2023GROUP43,COMPSCI 2212 - Winter 2023 - Group 43,software,dclouti3,Low,Done,dclouti3,vzagidul,vzagidul,3/24/2023 16:21,3/24/2023 16:21,5/24/2023 21:28,3/24/2023 16:21,vzagidul,,,,,,,,,,,,,,,,,,,,No,,,,0|i02da0:,,,,,,,,,100
Complete sidebar rough draft,26604,Task,Done,COMPSCI2212W2023GROUP43,COMPSCI 2212 - Winter 2023 - Group 43,software,dclouti3,Low,Done,dclouti3,vzagidul,vzagidul,3/24/2023 16:20,3/31/2023 14:41,3/27/2023 16:00,3/31/2023 14:41,vzagidul,,,,,,,,,,,,,,,,,,,,No,,,,0|i02d9s:,,,,,,,,,100
Implement weather,26603,Task,Done,COMPSCI2212W2023GROUP43,COMPSCI 2212 - Winter 2023 - Group 43,software,dclouti3,Low,Done,dclouti3,vzagidul,vzagidul,3/24/2023 16:20,3/24/2023 16:21,5/24/2023 21:28,3/24/2023 16:21,vzagidul,,,,,,,,,,,,,,,,,,,,No,,,,0|i02d9k:,,,,,,,,,100
Combine the full application tutorial and commonly asked questions to form the help page of the application,26574,Task,Done,COMPSCI2212W2023GROUP43,COMPSCI 2212 - Winter 2023 - Group 43,software,dclouti3,Lowest,Done,,kfeng58,kfeng58,3/23/2023 13:26,4/6/2023 2:49,3/27/2023 16:01,4/6/2023 2:49,kfeng58,,,,,,,,,,,,,,,,,,,,No,,,,0|i02d34:,,,,,,,,,100
Create a full tutorial on how to use the application,26573,Task,Done,COMPSCI2212W2023GROUP43,COMPSCI 2212 - Winter 2023 - Group 43,software,dclouti3,Lowest,Done,,kfeng58,kfeng58,3/23/2023 13:26,4/6/2023 2:49,3/27/2023 16:01,4/6/2023 2:49,kfeng58,,,,,,,,,,,,,,,,,,,,No,,,,0|i02d2w:,,,,,,,,,100
Write up commonly asked questions for the help page,26572,Task,Done,COMPSCI2212W2023GROUP43,COMPSCI 2212 - Winter 2023 - Group 43,software,dclouti3,Lowest,Done,,kfeng58,kfeng58,3/23/2023 13:25,4/6/2023 2:49,3/27/2023 16:01,4/6/2023 2:49,kfeng58,,,,,,,,,,,,,,,,,,,,No,,,,0|i02d2o:,,,,,,,,,100
Scrolling Maps,26526,Sub-task,Done,COMPSCI2212W2023GROUP43,COMPSCI 2212 - Winter 2023 - Group 43,software,dclouti3,Low,Done,dclouti3,dchahba2,dchahba2,3/22/2023 11:40,3/22/2023 11:40,5/24/2023 21:28,3/22/2023 11:40,dchahba2,,,,,,,,,,,,,,,,,,,,No,,,,0|i02cso:,,,,,,,,,100
Import the created layer checklist to each floor map,26386,Sub-task,Done,COMPSCI2212W2023GROUP43,COMPSCI 2212 - Winter 2023 - Group 43,software,dclouti3,Low,Done,dclouti3,dchahba2,dchahba2,3/17/2023 1:48,3/22/2023 11:39,5/24/2023 21:28,3/22/2023 11:39,dchahba2,,,,,,,,,,,,,,,,,,,,No,,,,0|i02bxk:,,,,,,,,,100
"Create Skeleton of ""New Favourite"" Window",26371,Task,Done,COMPSCI2212W2023GROUP43,COMPSCI 2212 - Winter 2023 - Group 43,software,dclouti3,Low,Done,kfeng58,kfeng58,kfeng58,3/16/2023 2:03,3/16/2023 2:04,3/16/2023 2:04,3/16/2023 2:04,kfeng58,,,,,,,,,,,,,,,,,,,,No,,,,0|i02bu8:,,,,,,,,,100
Make Home and Log Out Button Functional,26290,Task,Done,COMPSCI2212W2023GROUP43,COMPSCI 2212 - Winter 2023 - Group 43,software,dclouti3,High,Done,kfeng58,kfeng58,kfeng58,3/14/2023 17:52,3/27/2023 17:06,3/27/2023 17:06,3/27/2023 17:06,kfeng58,,,,,,,,,,,,,,,,,,,,No,,,,0|i02bd4:,,,,,,,,,100
Implement Default POI's into Tree Pane of POI Page,26289,Task,Done,COMPSCI2212W2023GROUP43,COMPSCI 2212 - Winter 2023 - Group 43,software,dclouti3,Highest,Done,kfeng58,kfeng58,kfeng58,3/14/2023 17:51,3/27/2023 17:05,3/27/2023 17:05,3/27/2023 17:05,kfeng58,,,,,,,,,,,,,,,,,,,,No,,,,0|i02bcw:,,,,,,,,,100
"Create Skeleton of ""New POI"" Window",26288,Task,Done,COMPSCI2212W2023GROUP43,COMPSCI 2212 - Winter 2023 - Group 43,software,dclouti3,Low,Done,kfeng58,kfeng58,kfeng58,3/14/2023 17:48,3/16/2023 2:04,3/16/2023 2:04,3/16/2023 2:04,kfeng58,,,,,,,,,,,,,,,,,,,,No,,,,0|i02bco:,,,,,,,,,100
Complete Skeleton of POI's and Favourites Screens,26287,Task,Done,COMPSCI2212W2023GROUP43,COMPSCI 2212 - Winter 2023 - Group 43,software,dclouti3,Highest,Done,kfeng58,kfeng58,kfeng58,3/14/2023 17:48,3/27/2023 17:05,3/27/2023 17:05,3/27/2023 17:05,kfeng58,,,,,,,,,,,,,,,,,,,,No,,,,0|i02bcg:,,,,,,,,,100
Add checklist for layers using Swing,26204,Sub-task,Done,COMPSCI2212W2023GROUP43,COMPSCI 2212 - Winter 2023 - Group 43,software,dclouti3,Low,Done,dclouti3,dchahba2,dchahba2,3/12/2023 21:35,3/17/2023 1:47,5/24/2023 21:28,3/17/2023 1:47,dchahba2,,,,,,,,,,,,,,,,,,,,No,,,,0|i02auo:,,,,,,,,,100
Clear floor mappings using inkscape,26203,Sub-task,Done,COMPSCI2212W2023GROUP43,COMPSCI 2212 - Winter 2023 - Group 43,software,dclouti3,Low,Done,dclouti3,dchahba2,dchahba2,3/12/2023 21:18,3/12/2023 21:35,5/24/2023 21:28,3/12/2023 21:35,dchahba2,,,,,,,,,,,,,,,,,,,,No,,,,0|i02aug:,,,,,,,,,100
Collaborate with Jingyao to complete rough draft of POI's/Favourite's screens,26143,Task,Done,COMPSCI2212W2023GROUP43,COMPSCI 2212 - Winter 2023 - Group 43,software,dclouti3,Highest,Done,jqi66,kfeng58,kfeng58,3/8/2023 18:09,4/6/2023 2:49,3/27/2023 16:00,4/6/2023 2:49,kfeng58,,,,,,,,,,,,,,,,,,,,No,,,,0|i02ah4:,,,,,,,,,100
Import and convert pdfs to JPGs,26130,Sub-task,Done,COMPSCI2212W2023GROUP43,COMPSCI 2212 - Winter 2023 - Group 43,software,dclouti3,Low,Done,dclouti3,dchahba2,dchahba2,3/8/2023 15:03,3/12/2023 21:17,5/24/2023 21:28,3/12/2023 21:17,dchahba2,,,,,,,,,,,,,,,,,,,,No,,,,0|i02ae8:,,,,,,,,,100
Implementation floor plans,26117,Task,Done,COMPSCI2212W2023GROUP43,COMPSCI 2212 - Winter 2023 - Group 43,software,dclouti3,High,Done,dchahba2,dchahba2,dchahba2,3/7/2023 17:39,4/2/2023 18:40,3/27/2023 16:00,4/2/2023 18:40,dchahba2,,,,,,,,,,,,,,,,,,,,No,,,,0|i02abc:,,,,,,,,,100
Introduction and Summary,25009,Task,Done,COMPSCI2212W2023GROUP43,COMPSCI 2212 - Winter 2023 - Group 43,software,dclouti3,High,Done,dchahba2,dchahba2,dchahba2,2/7/2023 11:41,3/5/2023 16:11,5/24/2023 21:28,3/5/2023 16:11,dchahba2,,,,,,,,,,,,,,,,,,,,No,,,,0|i023nc:,,,,,,,,,100
User Interface Mockup,25008,Task,Done,COMPSCI2212W2023GROUP43,COMPSCI 2212 - Winter 2023 - Group 43,software,dclouti3,Low,Done,kfeng58,kfeng58,kfeng58,2/7/2023 11:40,3/6/2023 22:12,3/6/2023 22:12,3/6/2023 22:12,kfeng58,,,,,,,,,,,,,,,,,,,,No,,,,0|i023n4:,,,,,,,,,100
File Formats and UML class diagram,25007,Task,Done,COMPSCI2212W2023GROUP43,COMPSCI 2212 - Winter 2023 - Group 43,software,dclouti3,Medium,Done,jqi66,jqi66,jqi66,2/7/2023 11:37,3/6/2023 22:05,5/24/2023 21:28,3/6/2023 22:05,jqi66,,,,,,,,,,,,,,,,,,,,No,,,,0|i023mw:,,,,,,,,,100
Development Environment + Patterns Sections,25006,Task,Done,COMPSCI2212W2023GROUP43,COMPSCI 2212 - Winter 2023 - Group 43,software,dclouti3,Medium,Done,vzagidul,vzagidul,vzagidul,2/7/2023 11:34,3/8/2023 15:02,5/24/2023 21:28,3/8/2023 15:02,vzagidul,,,,,,,,,,,,,,,,,,,,No,,,,0|i023mo:,,,,,,,,,100
